id,work_year,experience_level,employment_type,job_title,department,Salary_in_usd,employee_residence,job_type,company_location,company_size
0,2020,mid-level,"full time","Data Scientist","Data Science",79833,Germany,"On Site",Germany,"Large Enterprise"
1,2020,Senior,"full time","Machine Learning Scientist","Data Science",260000,Japan,"On Site",Japan,"Small Enterprise"
2,2020,Senior,"full time","Big Data Engineer","Data Engineering",109024,"United Kingdom",Hybrid,"United Kingdom","Medium Enterprise"
3,2020,mid-level,"full time","Product Data Analyst","Data Analysis",20000,Honduras,"On Site",Honduras,"Small Enterprise"
4,2020,Senior,"full time","Machine Learning Engineer","Artificial Intelligence",150000,USA,Hybrid,USA,"Large Enterprise"
5,2020,Junior,"full time","Data Analyst","Data Analysis",72000,USA,Remote,USA,"Large Enterprise"
6,2020,Senior,"full time","Lead Data Scientist","Data Science",190000,USA,Remote,USA,"Small Enterprise"
7,2020,mid-level,"full time","Data Scientist","Data Science",35735,Hungary,Hybrid,Hungary,"Large Enterprise"
8,2020,mid-level,"full time","Business Data Analyst","Data Analysis",135000,USA,Remote,USA,"Large Enterprise"
9,2020,Senior,"full time","Lead Data Engineer","Data Engineering",125000,"New Zealand",Hybrid,"New Zealand","Small Enterprise"
10,2020,Junior,"full time","Data Scientist","Data Science",51321,France,"On Site",France,"Small Enterprise"
11,2020,mid-level,"full time","Data Scientist","Data Science",40481,India,"On Site",India,"Large Enterprise"
12,2020,Junior,"full time","Data Scientist","Data Science",39916,France,"On Site",France,"Medium Enterprise"
13,2020,mid-level,"full time","Lead Data Analyst","Data Analysis",87000,USA,Remote,USA,"Large Enterprise"
14,2020,mid-level,"full time","Data Analyst","Data Analysis",85000,USA,Remote,USA,"Large Enterprise"
15,2020,mid-level,"full time","Data Analyst","Data Analysis",8000,Pakistan,Hybrid,Pakistan,"Large Enterprise"
16,2020,Junior,"full time","Data Engineer","Data Engineering",41689,Japan,Remote,Japan,"Small Enterprise"
17,2020,Senior,"full time","Big Data Engineer","Data Engineering",114047,Poland,Remote,"United Kingdom","Small Enterprise"
18,2020,Junior,"full time","Data Science Consultant","Data Science",5707,India,Hybrid,India,"Medium Enterprise"
19,2020,mid-level,"full time","Lead Data Engineer","Data Engineering",56000,Portugal,Remote,USA,"Medium Enterprise"
20,2020,mid-level,"full time","Machine Learning Engineer","Artificial Intelligence",43331,China,"On Site",China,"Medium Enterprise"
21,2020,mid-level,"full time","Product Data Analyst","Data Analysis",6072,India,Remote,India,"Large Enterprise"
22,2020,Senior,"full time","Data Engineer","Data Engineering",47899,Greece,Hybrid,Greece,"Large Enterprise"
23,2020,mid-level,"full time","BI Data Analyst","Data Analysis",98000,USA,"On Site",USA,"Medium Enterprise"
24,2020,mid-level,"full time","Lead Data Scientist","Data Science",115000,UAE,"On Site",UAE,"Large Enterprise"
25,2020,Senior,"full time","Director of Data Science","Data Science",325000,USA,Remote,USA,"Large Enterprise"
26,2020,Junior,"full time","Research Scientist","Data Science",42000,Netherlands,Hybrid,Netherlands,"Large Enterprise"
27,2020,Senior,"full time","Data Engineer","Data Engineering",33511,Mexico,"On Site",Mexico,"Small Enterprise"
28,2020,Junior,contract,"Business Data Analyst","Data Analysis",100000,USA,Remote,USA,"Large Enterprise"
29,2020,Senior,"full time","Machine Learning Manager","Artificial Intelligence",117104,Canada,Hybrid,Canada,"Large Enterprise"
30,2020,mid-level,"full time","Data Engineering Manager","Data Engineering",59303,Germany,Remote,Germany,"Small Enterprise"
31,2020,Junior,"full time","Big Data Engineer","Data Engineering",70000,USA,Remote,USA,"Large Enterprise"
32,2020,Senior,"full time","Data Scientist","Data Science",68428,Greece,Remote,USA,"Large Enterprise"
33,2020,mid-level,"full time","Research Scientist","Data Science",450000,USA,"On Site",USA,"Medium Enterprise"
34,2020,mid-level,"full time","Data Analyst","Data Analysis",46759,France,Hybrid,France,"Large Enterprise"
35,2020,mid-level,"full time","Data Engineer","Data Engineering",74130,Austria,Hybrid,Austria,"Large Enterprise"
36,2020,mid-level,"full time","Data Science Consultant","Data Science",103000,USA,Remote,USA,"Large Enterprise"
37,2020,Junior,"full time","Machine Learning Engineer","Artificial Intelligence",250000,USA,Hybrid,USA,"Large Enterprise"
38,2020,Junior,"full time","Data Analyst","Data Analysis",10000,Nigeria,Remote,Nigeria,"Small Enterprise"
39,2020,Junior,"full time","Machine Learning Engineer","Artificial Intelligence",138000,USA,Remote,USA,"Small Enterprise"
40,2020,mid-level,"full time","Data Scientist","Data Science",45760,Philippines,Remote,USA,"Small Enterprise"
41,2020,Senior,"full time","Data Engineering Manager","Data Engineering",79833,Spain,Hybrid,Spain,"Large Enterprise"
42,2020,mid-level,"full time","Machine Learning Infrastructure Engineer","Artificial Intelligence",50180,Portugal,"On Site",Portugal,"Medium Enterprise"
43,2020,mid-level,"full time","Data Engineer","Data Engineering",106000,USA,Remote,USA,"Large Enterprise"
44,2020,mid-level,"full time","Data Engineer","Data Engineering",112872,"United Kingdom",Hybrid,"United Kingdom","Large Enterprise"
45,2020,Junior,"part time","Machine Learning Engineer","Artificial Intelligence",15966,Germany,Remote,Germany,"Small Enterprise"
46,2020,mid-level,"full time","Data Scientist","Data Science",76958,"United Kingdom",Remote,"United Kingdom","Small Enterprise"
47,2020,Senior,"full time","Data Engineer","Data Engineering",188000,USA,Remote,USA,"Large Enterprise"
48,2020,mid-level,"full time","Data Scientist","Data Science",105000,USA,Remote,USA,"Large Enterprise"
49,2020,mid-level,"full time","Data Engineer","Data Engineering",70139,France,Hybrid,France,"Large Enterprise"
50,2020,Junior,"full time","Data Analyst","Data Analysis",6072,India,"On Site",India,"Small Enterprise"
51,2020,Junior,"full time","Data Analyst","Data Analysis",91000,USA,Remote,USA,"Large Enterprise"
52,2020,Junior,"full time","AI Scientist","Data Science",45896,Denmark,Hybrid,Denmark,"Small Enterprise"
53,2020,Junior,"full time","Data Engineer","Data Engineering",54742,Pakistan,Remote,Germany,"Large Enterprise"
54,2020,Senior,"full time","Computer Vision Engineer","Data Engineering",60000,Russia,Remote,USA,"Small Enterprise"
55,2020,Senior,"full time","Principal Data Scientist","Data Science",148261,Germany,Remote,Germany,"Medium Enterprise"
56,2020,mid-level,"full time","Data Scientist","Data Science",38776,Spain,Remote,Spain,"Medium Enterprise"
57,2020,mid-level,"full time","Data Scientist","Data Science",118000,USA,Remote,USA,"Medium Enterprise"
58,2020,Senior,"full time","Data Scientist","Data Science",120000,USA,Hybrid,USA,"Large Enterprise"
59,2020,mid-level,"full time","Data Scientist","Data Science",138350,USA,Remote,USA,"Medium Enterprise"
60,2020,mid-level,"full time","Data Engineer","Data Engineering",110000,USA,Remote,USA,"Large Enterprise"
61,2020,mid-level,"full time","Data Engineer","Data Engineering",130800,Spain,Remote,USA,"Medium Enterprise"
62,2020,Junior,"part time","Data Scientist","Data Science",21669,Italy,Hybrid,Italy,"Small Enterprise"
63,2020,Senior,"full time","Data Scientist","Data Science",412000,USA,Remote,USA,"Large Enterprise"
64,2020,Senior,"full time","Machine Learning Engineer","Artificial Intelligence",45618,Croatia,Remote,Croatia,"Small Enterprise"
65,2020,Junior,"full time","Data Scientist","Data Science",62726,Germany,Hybrid,Germany,"Small Enterprise"
66,2020,Junior,"full time","Data Scientist","Data Science",49268,Germany,"On Site",Germany,"Small Enterprise"
67,2020,Senior,"full time","Data Science Manager","Data Science",190200,USA,Remote,USA,"Medium Enterprise"
68,2020,Junior,"full time","Data Scientist","Data Science",105000,USA,Remote,USA,"Small Enterprise"
69,2020,Senior,"full time","Data Scientist","Data Science",91237,Austria,"On Site",Austria,"Small Enterprise"
70,2020,mid-level,"full time","Data Scientist","Data Science",62726,France,Hybrid,Luxembourg,"Small Enterprise"
71,2020,mid-level,"full time","Data Scientist","Data Science",42197,France,Hybrid,France,"Small Enterprise"
72,2021,Junior,"full time","Research Scientist","Data Science",82528,"United Kingdom",Hybrid,"United Kingdom","Large Enterprise"
73,2021,Senior,"full time","BI Data Analyst","Data Analysis",150000,India,Remote,USA,"Large Enterprise"
74,2021,Senior,"full time","Head of Data","Data Engineering",235000,USA,Remote,USA,"Large Enterprise"
75,2021,Senior,"full time","Data Scientist","Data Science",53192,France,Hybrid,France,"Large Enterprise"
76,2021,mid-level,"full time","BI Data Analyst","Data Analysis",100000,USA,Remote,USA,"Medium Enterprise"
77,2021,mid-level,"part time","3D Computer Vision Researcher","Computer Vision",5409,India,Hybrid,India,"Medium Enterprise"
78,2021,mid-level,contract,"Machine Learning Engineer","Artificial Intelligence",270000,USA,Remote,USA,"Large Enterprise"
79,2021,Junior,"full time","Data Analyst","Data Analysis",80000,USA,Remote,USA,"Medium Enterprise"
80,2021,Senior,"full time","Data Analytics Engineer","Data Analysis",79197,Germany,Remote,Germany,"Large Enterprise"
81,2021,mid-level,"full time","Data Engineer","Data Engineering",140000,USA,Remote,USA,"Large Enterprise"
82,2021,mid-level,"full time","Applied Data Scientist","Data Science",54238,"United Kingdom",Hybrid,Canada,"Large Enterprise"
83,2021,mid-level,"full time","Machine Learning Engineer","Artificial Intelligence",47282,Spain,Remote,Spain,"Small Enterprise"
84,2021,Senior,"full time","Director of Data Science","Data Science",153667,Italy,Remote,Poland,"Large Enterprise"
85,2021,mid-level,"full time","Data Engineer","Data Engineering",28476,Poland,Remote,Poland,"Large Enterprise"
86,2021,Junior,"full time","Data Analyst","Data Analysis",59102,France,Hybrid,France,"Medium Enterprise"
87,2021,mid-level,"full time","Data Analytics Engineer","Data Analysis",110000,USA,Remote,USA,"Large Enterprise"
88,2021,Senior,"full time","Lead Data Analyst","Data Analysis",170000,USA,Remote,USA,"Large Enterprise"
89,2021,Senior,"full time","Data Analyst","Data Analysis",80000,Bulgaria,Remote,USA,"Small Enterprise"
90,2021,Senior,"full time","Marketing Data Analyst","Data Analysis",88654,Greece,Remote,Denmark,"Large Enterprise"
91,2021,Junior,"full time","Data Science Consultant","Data Science",76833,Germany,Remote,Germany,"Small Enterprise"
92,2021,mid-level,"full time","Lead Data Analyst","Data Analysis",19609,India,Remote,India,"Large Enterprise"
93,2021,Senior,"full time","Lead Data Engineer","Data Engineering",276000,USA,"On Site",USA,"Large Enterprise"
94,2021,Junior,"full time","Data Scientist","Data Science",29751,India,Hybrid,India,"Large Enterprise"
95,2021,mid-level,"full time","Cloud Data Engineer","Data Engineering",89294,Singapore,Hybrid,Singapore,"Large Enterprise"
96,2021,Junior,"part time","AI Scientist","Data Science",12000,Brazil,Remote,USA,"Small Enterprise"
97,2021,mid-level,"full time","Financial Data Analyst","Data Analysis",450000,USA,Remote,USA,"Large Enterprise"
98,2021,Junior,"full time","Computer Vision Software Engineer","Data Engineering",70000,USA,Remote,USA,"Medium Enterprise"
99,2021,mid-level,"full time","Computer Vision Software Engineer","Data Engineering",95746,Germany,Remote,USA,"Small Enterprise"
100,2021,mid-level,"full time","Data Analyst","Data Analysis",75000,USA,"On Site",USA,"Large Enterprise"
101,2021,Senior,"full time","Data Engineer","Data Engineering",150000,USA,Remote,USA,"Large Enterprise"
102,2021,mid-level,"full time","BI Data Analyst","Data Analysis",36259,Hungary,Hybrid,USA,"Large Enterprise"
103,2021,mid-level,"full time","Data Analyst","Data Analysis",62000,USA,"On Site",USA,"Large Enterprise"
104,2021,mid-level,"full time","Data Scientist","Data Science",73000,USA,"On Site",USA,"Large Enterprise"
105,2021,mid-level,"full time","Data Analyst","Data Analysis",51519,"United Kingdom",Hybrid,"United Kingdom","Large Enterprise"
106,2021,mid-level,"full time","Research Scientist","Data Science",187442,Canada,Remote,Canada,"Large Enterprise"
107,2021,Senior,"full time","Data Engineer","Data Engineering",115000,USA,Remote,USA,"Small Enterprise"
108,2021,Senior,"full time","Data Engineer","Data Engineering",150000,USA,Remote,USA,"Medium Enterprise"
109,2021,Junior,"full time","Data Engineer","Data Engineering",30428,India,Remote,India,"Large Enterprise"
110,2021,Senior,"full time","Machine Learning Engineer","Artificial Intelligence",94564,Germany,Hybrid,Germany,"Large Enterprise"
111,2021,Senior,"full time","Director of Data Engineering","Data Engineering",113476,"United Kingdom",Remote,"United Kingdom","Medium Enterprise"
112,2021,Senior,"full time","Lead Data Engineer","Data Engineering",103160,"United Kingdom",Remote,"United Kingdom","Small Enterprise"
113,2021,Junior,"part time","AI Scientist","Data Science",12000,Pakistan,Remote,USA,"Medium Enterprise"
114,2021,mid-level,"full time","Data Engineer","Data Engineering",45391,Netherlands,Remote,Netherlands,"Large Enterprise"
115,2021,Junior,"full time","Machine Learning Scientist","Data Science",225000,USA,Remote,USA,"Large Enterprise"
116,2021,mid-level,"full time","Data Scientist","Data Science",50000,Nigeria,Remote,Nigeria,"Large Enterprise"
117,2021,mid-level,"full time","Data Science Engineer","Data Science",40189,Greece,Remote,Greece,"Medium Enterprise"
118,2021,Junior,"full time","Data Analyst","Data Analysis",90000,USA,Remote,USA,"Small Enterprise"
119,2021,mid-level,"full time","Data Engineer","Data Engineering",200000,USA,Remote,USA,"Large Enterprise"
120,2021,mid-level,"full time","Big Data Engineer","Data Engineering",60000,Spain,Hybrid,Romania,"Medium Enterprise"
121,2021,Senior,"full time","Principal Data Engineer","Data Engineering",200000,USA,Remote,USA,"Medium Enterprise"
122,2021,Junior,"full time","Data Analyst","Data Analysis",50000,USA,Remote,USA,"Medium Enterprise"
123,2021,Junior,"full time","Applied Data Scientist","Data Science",110037,"United Kingdom","On Site","United Kingdom","Large Enterprise"
124,2021,Junior,"part time","Data Analyst","Data Analysis",10354,Spain,Hybrid,Spain,"Medium Enterprise"
125,2021,mid-level,"full time","Principal Data Scientist","Data Science",151000,USA,Remote,USA,"Large Enterprise"
126,2021,Senior,"full time","Machine Learning Scientist","Data Science",120000,USA,Hybrid,USA,"Small Enterprise"
127,2021,mid-level,"full time","Data Scientist","Data Science",9466,India,"On Site",India,"Small Enterprise"
128,2021,Junior,"full time","Machine Learning Engineer","Artificial Intelligence",20000,India,Remote,India,"Small Enterprise"
129,2021,Senior,"full time","Lead Data Scientist","Data Science",40570,India,Hybrid,India,"Large Enterprise"
130,2021,Junior,"full time","Machine Learning Developer","Artificial Intelligence",100000,Iraq,Hybrid,Iraq,"Small Enterprise"
131,2021,Junior,"full time","Data Scientist","Data Science",49646,France,Hybrid,France,"Medium Enterprise"
132,2021,mid-level,"full time","Applied Machine Learning Scientist","Data Science",38400,Vietnam,Remote,USA,"Medium Enterprise"
133,2021,Senior,"full time","Computer Vision Engineer","Data Engineering",24000,Brazil,Remote,Brazil,"Medium Enterprise"
134,2021,Junior,"full time","Data Scientist","Data Science",100000,USA,"On Site",USA,"Small Enterprise"
135,2021,mid-level,"full time","Data Analyst","Data Analysis",90000,USA,Remote,USA,"Medium Enterprise"
136,2021,mid-level,"full time","Machine Learning Engineer","Artificial Intelligence",63711,Japan,Hybrid,Japan,"Small Enterprise"
137,2021,mid-level,"full time","Machine Learning Engineer","Artificial Intelligence",77364,Japan,Hybrid,Japan,"Small Enterprise"
138,2021,Senior,"full time","Principal Data Scientist","Data Science",220000,USA,"On Site",USA,"Large Enterprise"
139,2021,Junior,"full time","Data Scientist","Data Science",80000,USA,Remote,USA,"Medium Enterprise"
140,2021,mid-level,"full time","Data Analyst","Data Analysis",135000,USA,Remote,USA,"Large Enterprise"
141,2021,Senior,"full time","Data Science Manager","Data Science",240000,USA,"On Site",USA,"Large Enterprise"
142,2021,Senior,"full time","Data Engineering Manager","Data Engineering",150000,USA,"On Site",USA,"Large Enterprise"
143,2021,mid-level,"full time","Data Scientist","Data Science",82500,USA,Remote,USA,"Small Enterprise"
144,2021,mid-level,"full time","Data Engineer","Data Engineering",100000,USA,Remote,USA,"Large Enterprise"
145,2021,Senior,"full time","Machine Learning Engineer","Artificial Intelligence",82744,Belgium,Hybrid,Belgium,"Medium Enterprise"
146,2021,mid-level,"full time","Research Scientist","Data Science",62649,France,Hybrid,France,"Medium Enterprise"
147,2021,mid-level,"full time","Data Engineer","Data Engineering",90000,USA,Remote,USA,"Large Enterprise"
148,2021,Senior,"full time","Data Engineering Manager","Data Engineering",153000,USA,Remote,USA,"Large Enterprise"
149,2021,Senior,"full time","Cloud Data Engineer","Data Engineering",160000,Brazil,Remote,USA,"Small Enterprise"
150,2021,Senior,"full time","Director of Data Science","Data Science",168000,Japan,"On Site",Japan,"Small Enterprise"
151,2021,mid-level,"full time","Data Scientist","Data Science",150000,USA,Remote,USA,"Medium Enterprise"
152,2021,mid-level,"full time","Data Scientist","Data Science",75774,Canada,Remote,Canada,"Large Enterprise"
153,2021,Junior,"full time","Data Scientist","Data Science",13400,Ukraine,Remote,Ukraine,"Large Enterprise"
154,2021,Senior,"full time","Data Science Manager","Data Science",144000,USA,Remote,USA,"Large Enterprise"
155,2021,Senior,"full time","Data Science Engineer","Data Science",127221,Canada,Hybrid,Canada,"Large Enterprise"
156,2021,mid-level,"full time","Data Scientist","Data Science",119059,Singapore,Remote,IL,"Medium Enterprise"
157,2021,mid-level,"full time","Applied Machine Learning Scientist","Data Science",423000,USA,Hybrid,USA,"Large Enterprise"
158,2021,Senior,"full time","Data Analytics Manager","Data Analysis",120000,USA,Remote,USA,"Medium Enterprise"
159,2021,Junior,"full time","Machine Learning Engineer","Artificial Intelligence",125000,USA,Remote,USA,"Small Enterprise"
160,2021,Senior,"full time","Head of Data","Data Engineering",230000,Russia,Hybrid,Russia,"Large Enterprise"
161,2021,Senior,"full time","Head of Data Science","Data Science",85000,Russia,"On Site",Russia,"Medium Enterprise"
162,2021,mid-level,"full time","Data Engineer","Data Engineering",28369,Malta,Hybrid,Malta,"Large Enterprise"
163,2021,Junior,"full time","Data Science Consultant","Data Science",63831,Germany,Hybrid,Germany,"Large Enterprise"
164,2021,Senior,"full time","Director of Data Science","Data Science",130026,Germany,Hybrid,Germany,"Medium Enterprise"
165,2021,Senior,"full time","Data Specialist","Data Analysis",165000,USA,Remote,USA,"Large Enterprise"
166,2021,Junior,"full time","Data Engineer","Data Engineering",80000,USA,Remote,USA,"Large Enterprise"
167,2021,Senior,"full time","Director of Data Science","Data Science",250000,USA,"On Site",USA,"Large Enterprise"
168,2021,Junior,"full time","BI Data Analyst","Data Analysis",55000,USA,Hybrid,USA,"Small Enterprise"
169,2021,mid-level,"full time","Data Architect","Data Architecture",150000,USA,Remote,USA,"Large Enterprise"
170,2021,mid-level,"full time","Data Architect","Data Architecture",170000,USA,Remote,USA,"Large Enterprise"
171,2021,mid-level,"full time","Data Engineer","Data Engineering",82528,"United Kingdom",Remote,"United Kingdom","Large Enterprise"
172,2021,Junior,"full time","Data Analyst","Data Analysis",60000,USA,Remote,USA,"Small Enterprise"
173,2021,Senior,"full time","Principal Data Scientist","Data Science",235000,USA,Remote,USA,"Large Enterprise"
174,2021,Senior,"full time","Research Scientist","Data Science",60757,Portugal,Hybrid,Portugal,"Large Enterprise"
175,2021,Senior,"full time","Data Engineering Manager","Data Engineering",174000,USA,Remote,USA,"Large Enterprise"
176,2021,mid-level,"full time","Data Scientist","Data Science",2859,Mexico,"On Site",Mexico,"Small Enterprise"
177,2021,mid-level,"full time","Data Scientist","Data Science",40038,Chile,Remote,Chile,"Large Enterprise"
178,2021,Junior,"full time","Machine Learning Engineer","Artificial Intelligence",81000,USA,Hybrid,USA,"Small Enterprise"
179,2021,mid-level,"full time","Data Scientist","Data Science",5679,India,Remote,USA,"Small Enterprise"
180,2021,mid-level,"full time","Big Data Engineer","Data Engineering",22611,India,"On Site",India,"Large Enterprise"
181,2021,mid-level,"full time","Data Scientist","Data Science",90734,Germany,Hybrid,Germany,"Large Enterprise"
182,2021,mid-level,"full time","Data Engineer","Data Engineering",26005,Romania,"On Site",USA,"Large Enterprise"
183,2021,Senior,"full time","Financial Data Analyst","Data Analysis",61896,"United Kingdom",Hybrid,"United Kingdom","Large Enterprise"
184,2021,mid-level,"full time","Machine Learning Scientist","Data Science",12000,Pakistan,Hybrid,Pakistan,"Medium Enterprise"
185,2021,mid-level,"full time","Data Engineer","Data Engineering",4000,Iran,Remote,Iran,"Medium Enterprise"
186,2021,Senior,"full time","Data Analytics Engineer","Data Analysis",50000,Vietnam,Remote,"United Kingdom","Medium Enterprise"
187,2021,Senior,"full time","Data Science Consultant","Data Science",69741,France,Remote,Spain,"Small Enterprise"
188,2021,Senior,"full time","Data Engineer","Data Engineering",76833,Romania,Hybrid,"United Kingdom","Small Enterprise"
189,2021,mid-level,"full time","Machine Learning Engineer","Artificial Intelligence",74000,Japan,Hybrid,Japan,"Small Enterprise"
190,2021,Senior,"full time","Data Science Manager","Data Science",152000,USA,Remote,France,"Large Enterprise"
191,2021,Junior,"full time","Machine Learning Engineer","Artificial Intelligence",21844,Colombia,Hybrid,Colombia,"Medium Enterprise"
192,2021,mid-level,"full time","Big Data Engineer","Data Engineering",18000,Moldova,"On Site",Moldova,"Small Enterprise"
193,2021,Senior,"full time","Data Science Manager","Data Science",174000,USA,Remote,USA,"Large Enterprise"
194,2021,Senior,"full time","Research Scientist","Data Science",96113,Canada,Hybrid,Canada,"Large Enterprise"
195,2021,mid-level,"full time","Data Scientist","Data Science",147000,USA,Hybrid,USA,"Large Enterprise"
196,2021,Junior,"full time","BI Data Analyst","Data Analysis",9272,Kenya,Remote,Kenya,"Small Enterprise"
197,2021,Senior,"full time","Machine Learning Engineer","Artificial Intelligence",24342,India,Remote,India,"Large Enterprise"
198,2021,Senior,"full time","Data Science Manager","Data Science",54094,India,Hybrid,USA,"Large Enterprise"
199,2021,Junior,"full time","Data Science Consultant","Data Science",90000,USA,Remote,USA,"Small Enterprise"
200,2021,mid-level,"full time","Data Scientist","Data Science",61467,Germany,Hybrid,Austria,"Medium Enterprise"
201,2021,Senior,"full time","Machine Learning Infrastructure Engineer","Artificial Intelligence",195000,USA,Remote,USA,"Medium Enterprise"
202,2021,mid-level,"full time","Data Scientist","Data Science",37825,Spain,Remote,Spain,"Large Enterprise"
203,2021,Senior,"full time","Research Scientist","Data Science",50000,France,Remote,USA,"Small Enterprise"
204,2021,mid-level,"full time","Data Scientist","Data Science",160000,USA,Remote,USA,"Large Enterprise"
205,2021,mid-level,"full time","Data Scientist","Data Science",12901,Brazil,"On Site",Brazil,"Small Enterprise"
206,2021,Senior,"full time","Machine Learning Engineer","Artificial Intelligence",200000,USA,Remote,USA,"Large Enterprise"
207,2021,Senior,"full time","Data Engineer","Data Engineering",165000,USA,"On Site",USA,"Medium Enterprise"
208,2021,mid-level,"full time","Data Engineer","Data Engineering",20000,Italy,"On Site",USA,"Large Enterprise"
209,2021,Senior,"full time","Data Analytics Manager","Data Analysis",120000,USA,"On Site",USA,"Large Enterprise"
210,2021,mid-level,"full time","Machine Learning Engineer","Artificial Intelligence",24823,Slovenia,Hybrid,Slovenia,"Large Enterprise"
211,2021,mid-level,"full time","Research Scientist","Data Science",56738,France,Hybrid,France,"Small Enterprise"
212,2021,mid-level,"full time","Data Engineer","Data Engineering",66022,"Hong Kong",Hybrid,"United Kingdom","Small Enterprise"
213,2021,Junior,"full time","Big Data Engineer","Data Engineering",5882,India,"On Site",Switzerland,"Large Enterprise"
214,2021,Junior,"full time","Machine Learning Engineer","Artificial Intelligence",24823,Germany,Hybrid,Germany,"Medium Enterprise"
215,2021,Senior,"full time","Principal Data Engineer","Data Engineering",185000,USA,Remote,USA,"Large Enterprise"
216,2021,Junior,"part time","Computer Vision Engineer","Data Engineering",28609,Denmark,Hybrid,Denmark,"Small Enterprise"
217,2021,mid-level,"full time","Data Scientist","Data Science",90734,Germany,Hybrid,Germany,"Large Enterprise"
218,2021,mid-level,"full time","Machine Learning Engineer","Artificial Intelligence",88654,Belgium,Remote,Belgium,"Medium Enterprise"
219,2021,Senior,"full time","Data Analytics Manager","Data Analysis",140000,USA,Remote,USA,"Large Enterprise"
220,2021,mid-level,"full time","Machine Learning Engineer","Artificial Intelligence",46597,Poland,Remote,Poland,"Large Enterprise"
221,2021,mid-level,"full time","Data Scientist","Data Science",116914,"United Kingdom",Hybrid,"United Kingdom","Large Enterprise"
222,2021,mid-level,"full time","Data Scientist","Data Science",33808,India,"On Site",India,"Medium Enterprise"
223,2021,mid-level,"full time","Data Scientist","Data Science",56256,"United Kingdom",Hybrid,"United Kingdom","Large Enterprise"
224,2021,Senior,"full time","Machine Learning Scientist","Data Science",225000,USA,Remote,Canada,"Large Enterprise"
225,2021,Senior,contract,"Principal Data Scientist","Data Science",416000,USA,Remote,USA,"Small Enterprise"
226,2021,Senior,"full time","Data Scientist","Data Science",87738,Canada,Remote,Canada,"Small Enterprise"
227,2021,mid-level,"full time","Data Scientist","Data Science",88654,Germany,Hybrid,Germany,"Large Enterprise"
228,2021,Senior,"full time","Data Scientist","Data Science",135000,USA,"On Site",USA,"Large Enterprise"
229,2021,Senior,"full time","Data Analyst","Data Analysis",71786,Canada,Remote,Canada,"Medium Enterprise"
230,2021,Junior,"full time","Big Data Engineer","Data Engineering",16228,India,Remote,India,"Large Enterprise"
231,2021,Senior,"full time","Machine Learning Engineer","Artificial Intelligence",256000,USA,Remote,USA,"Small Enterprise"
232,2021,Senior,"full time","Director of Data Engineering","Data Engineering",200000,USA,Remote,USA,"Large Enterprise"
233,2021,Senior,"full time","Data Analyst","Data Analysis",200000,USA,Remote,USA,"Large Enterprise"
234,2021,mid-level,"full time","Data Architect","Data Architecture",180000,USA,Remote,USA,"Large Enterprise"
235,2021,mid-level,"full time","Head of Data Science","Data Science",110000,USA,"On Site",USA,"Small Enterprise"
236,2021,mid-level,"full time","Research Scientist","Data Science",63810,Canada,Remote,Canada,"Medium Enterprise"
237,2021,mid-level,"full time","Data Scientist","Data Science",46809,Spain,Remote,Spain,"Medium Enterprise"
238,2021,Junior,"full time","Data Scientist","Data Science",4000,Vietnam,"On Site",Vietnam,"Medium Enterprise"
239,2021,Junior,"full time","Data Engineer","Data Engineering",21637,India,Hybrid,India,"Medium Enterprise"
240,2021,Senior,"full time","Data Scientist","Data Science",103691,Canada,Remote,Canada,"Large Enterprise"
241,2021,mid-level,"full time","Data Analyst","Data Analysis",80000,USA,Remote,USA,"Large Enterprise"
242,2021,mid-level,"full time","Data Engineer","Data Engineering",110000,USA,Remote,USA,"Large Enterprise"
243,2021,Senior,"full time","Data Scientist","Data Science",165000,USA,Remote,USA,"Large Enterprise"
244,2021,Junior,"full time","AI Scientist","Data Science",18053,India,Remote,AS,"Small Enterprise"
245,2021,mid-level,"full time","Data Engineer","Data Engineering",72212,"United Kingdom",Hybrid,"United Kingdom","Large Enterprise"
246,2021,Junior,"full time","Data Scientist","Data Science",36643,France,Hybrid,France,"Large Enterprise"
247,2021,mid-level,"full time","Data Engineer","Data Engineering",12103,Turkey,"On Site",Turkey,"Medium Enterprise"
248,2021,Senior,"full time","Data Engineer","Data Engineering",96282,"United Kingdom",Hybrid,"United Kingdom","Large Enterprise"
249,2021,Senior,"full time","Principal Data Analyst","Data Analysis",170000,USA,Remote,USA,"Medium Enterprise"
250,2021,mid-level,"full time","Data Scientist","Data Science",115000,USA,Hybrid,USA,"Large Enterprise"
251,2021,Junior,"full time","Data Scientist","Data Science",90000,USA,Remote,USA,"Small Enterprise"
252,2021,Senior,"full time","Principal Data Engineer","Data Engineering",600000,USA,Remote,USA,"Large Enterprise"
253,2021,Junior,"full time","Data Scientist","Data Science",28399,India,Remote,India,"Medium Enterprise"
254,2021,mid-level,"full time","Data Analyst","Data Analysis",93000,USA,Remote,USA,"Large Enterprise"
255,2021,Senior,"full time","Big Data Architect","Data Engineering",99703,Canada,Hybrid,Canada,"Medium Enterprise"
256,2021,mid-level,"full time","Data Engineer","Data Engineering",200000,USA,Remote,USA,"Large Enterprise"
257,2021,Senior,"full time","Principal Data Scientist","Data Science",173762,Germany,Remote,Germany,"Medium Enterprise"
258,2021,Senior,"full time","Machine Learning Engineer","Artificial Intelligence",185000,USA,Hybrid,USA,"Large Enterprise"
259,2021,Senior,"full time","Director of Data Science","Data Science",141846,Germany,"On Site",Germany,"Large Enterprise"
260,2021,mid-level,"full time","Data Scientist","Data Science",130000,USA,Hybrid,USA,"Large Enterprise"
261,2021,Senior,"full time","Data Analyst","Data Analysis",63831,Germany,Hybrid,Germany,"Large Enterprise"
262,2021,mid-level,"full time","Data Scientist","Data Science",16904,India,Remote,India,"Small Enterprise"
263,2021,Senior,"full time","Machine Learning Engineer","Artificial Intelligence",66265,India,"On Site",India,"Large Enterprise"
264,2021,mid-level,"full time","Data Scientist","Data Science",25532,Serbia,Remote,Germany,"Small Enterprise"
265,2021,Senior,"full time","Lead Data Engineer","Data Engineering",160000,"Puerto Rico",Hybrid,USA,"Small Enterprise"
266,2021,mid-level,"full time","Data Engineer","Data Engineering",93150,USA,"On Site",USA,"Medium Enterprise"
267,2021,mid-level,"full time","Data Engineer","Data Engineering",111775,USA,"On Site",USA,"Medium Enterprise"
268,2021,mid-level,"full time","Data Engineer","Data Engineering",28016,Turkey,Remote,Turkey,"Medium Enterprise"
269,2021,Junior,"full time","Data Engineer","Data Engineering",65013,Germany,Hybrid,Germany,"Medium Enterprise"
270,2021,Junior,"full time","Data Engineer","Data Engineering",72500,USA,Remote,USA,"Large Enterprise"
271,2021,Senior,"full time","Computer Vision Engineer","Data Engineering",18907,Brazil,"On Site",Brazil,"Medium Enterprise"
272,2021,Junior,"full time","Data Science Consultant","Data Science",76833,Germany,"On Site",Germany,"Large Enterprise"
273,2021,Junior,"full time","Machine Learning Engineer","Artificial Intelligence",85000,Netherlands,Remote,Germany,"Small Enterprise"
274,2021,Senior,"full time","Data Scientist","Data Science",77684,France,Hybrid,France,"Medium Enterprise"
275,2021,Junior,"full time","Data Scientist","Data Science",100000,USA,Remote,USA,"Medium Enterprise"
276,2021,Junior,"full time","Data Scientist","Data Science",58000,USA,Hybrid,USA,"Large Enterprise"
277,2021,Senior,"full time","AI Scientist","Data Science",55000,Spain,Remote,Spain,"Large Enterprise"
278,2021,Senior,"full time","Data Scientist","Data Science",20171,Turkey,Hybrid,Turkey,"Large Enterprise"
279,2021,Junior,"full time","Business Data Analyst","Data Analysis",59102,Luxembourg,Remote,Luxembourg,"Large Enterprise"
280,2021,mid-level,"full time","Data Engineer","Data Engineering",112000,USA,Remote,USA,"Large Enterprise"
281,2021,Junior,"full time","Research Scientist","Data Science",100000,Jersey,"On Site",China,"Large Enterprise"
282,2021,mid-level,"part time","Data Engineer","Data Engineering",69741,Netherlands,Remote,Netherlands,"Large Enterprise"
283,2021,Senior,contract,"Staff Data Scientist","Data Science",105000,USA,Remote,USA,"Medium Enterprise"
284,2021,mid-level,"full time","Research Scientist","Data Science",69999,"Czech Republic",Hybrid,"Czech Republic","Large Enterprise"
285,2021,Senior,"full time","Data Science Manager","Data Science",94665,India,Hybrid,India,"Large Enterprise"
286,2021,Senior,"full time","Head of Data","Data Engineering",102839,Slovenia,Remote,Slovenia,"Large Enterprise"
287,2021,mid-level,"full time","Data Scientist","Data Science",109000,USA,Hybrid,USA,"Large Enterprise"
288,2021,mid-level,"full time","Machine Learning Engineer","Artificial Intelligence",51064,Italy,Hybrid,Italy,"Large Enterprise"
289,2022,Senior,"full time","Data Engineer","Data Engineering",135000,USA,Remote,USA,"Medium Enterprise"
290,2022,Senior,"full time","Data Analyst","Data Analysis",155000,USA,Remote,USA,"Medium Enterprise"
291,2022,Senior,"full time","Data Analyst","Data Analysis",120600,USA,Remote,USA,"Medium Enterprise"
292,2022,mid-level,"full time","Data Scientist","Data Science",130000,USA,"On Site",USA,"Medium Enterprise"
293,2022,mid-level,"full time","Data Scientist","Data Science",90000,USA,"On Site",USA,"Medium Enterprise"
294,2022,mid-level,"full time","Data Engineer","Data Engineering",170000,USA,Remote,USA,"Medium Enterprise"
295,2022,mid-level,"full time","Data Engineer","Data Engineering",150000,USA,Remote,USA,"Medium Enterprise"
296,2022,Senior,"full time","Data Analyst","Data Analysis",102100,USA,Remote,USA,"Medium Enterprise"
297,2022,Senior,"full time","Data Analyst","Data Analysis",84900,USA,Remote,USA,"Medium Enterprise"
298,2022,Senior,"full time","Data Scientist","Data Science",136620,USA,Remote,USA,"Medium Enterprise"
299,2022,Senior,"full time","Data Scientist","Data Science",99360,USA,Remote,USA,"Medium Enterprise"
300,2022,Senior,"full time","Data Scientist","Data Science",117789,"United Kingdom","On Site","United Kingdom","Medium Enterprise"
301,2022,Senior,"full time","Data Scientist","Data Science",104702,"United Kingdom","On Site","United Kingdom","Medium Enterprise"
302,2022,Senior,"full time","Data Scientist","Data Science",146000,USA,Remote,USA,"Medium Enterprise"
303,2022,Senior,"full time","Data Scientist","Data Science",123000,USA,Remote,USA,"Medium Enterprise"
304,2022,Junior,"full time","Data Engineer","Data Engineering",52351,"United Kingdom",Remote,"United Kingdom","Medium Enterprise"
305,2022,Senior,"full time","Data Analyst","Data Analysis",99000,USA,"On Site",USA,"Medium Enterprise"
306,2022,Senior,"full time","Data Analyst","Data Analysis",116000,USA,"On Site",USA,"Medium Enterprise"
307,2022,mid-level,"full time","Data Analyst","Data Analysis",106260,USA,"On Site",USA,"Medium Enterprise"
308,2022,mid-level,"full time","Data Analyst","Data Analysis",126500,USA,"On Site",USA,"Medium Enterprise"
309,2022,Senior,"full time","Data Engineer","Data Engineering",242000,USA,Remote,USA,"Medium Enterprise"
310,2022,Senior,"full time","Data Engineer","Data Engineering",200000,USA,Remote,USA,"Medium Enterprise"
311,2022,mid-level,"full time","Data Scientist","Data Science",65438,"United Kingdom","On Site","United Kingdom","Medium Enterprise"
312,2022,mid-level,"full time","Data Scientist","Data Science",39263,"United Kingdom","On Site","United Kingdom","Medium Enterprise"
313,2022,mid-level,"full time","Data Engineer","Data Engineering",78526,"United Kingdom","On Site","United Kingdom","Medium Enterprise"
314,2022,mid-level,"full time","Data Engineer","Data Engineering",52351,"United Kingdom","On Site","United Kingdom","Medium Enterprise"
315,2022,Senior,"full time","Data Scientist","Data Science",165220,USA,Remote,USA,"Medium Enterprise"
316,2022,Junior,"full time","Data Engineer","Data Engineering",45807,"United Kingdom",Remote,"United Kingdom","Medium Enterprise"
317,2022,Senior,"full time","Data Scientist","Data Science",120160,USA,Remote,USA,"Medium Enterprise"
318,2022,Senior,"full time","Data Analyst","Data Analysis",90320,USA,Remote,USA,"Medium Enterprise"
319,2022,Senior,"full time","Data Engineer","Data Engineering",181940,USA,"On Site",USA,"Medium Enterprise"
320,2022,Senior,"full time","Data Engineer","Data Engineering",132320,USA,"On Site",USA,"Medium Enterprise"
321,2022,Senior,"full time","Data Engineer","Data Engineering",220110,USA,"On Site",USA,"Medium Enterprise"
322,2022,Senior,"full time","Data Engineer","Data Engineering",160080,USA,"On Site",USA,"Medium Enterprise"
323,2022,Senior,"full time","Data Scientist","Data Science",180000,USA,"On Site",USA,"Large Enterprise"
324,2022,Senior,"full time","Data Scientist","Data Science",120000,USA,"On Site",USA,"Large Enterprise"
325,2022,Senior,"full time","Data Analyst","Data Analysis",124190,USA,Remote,USA,"Medium Enterprise"
326,2022,Senior,"full time","Data Analyst","Data Analysis",130000,USA,Remote,USA,"Medium Enterprise"
327,2022,Senior,"full time","Data Analyst","Data Analysis",110000,USA,Remote,USA,"Medium Enterprise"
328,2022,Senior,"full time","Data Analyst","Data Analysis",170000,USA,Remote,USA,"Medium Enterprise"
329,2022,mid-level,"full time","Data Analyst","Data Analysis",115500,USA,Remote,USA,"Medium Enterprise"
330,2022,Senior,"full time","Data Analyst","Data Analysis",112900,USA,Remote,USA,"Medium Enterprise"
331,2022,Senior,"full time","Data Analyst","Data Analysis",90320,USA,Remote,USA,"Medium Enterprise"
332,2022,Senior,"full time","Data Analyst","Data Analysis",112900,USA,Remote,USA,"Medium Enterprise"
333,2022,Senior,"full time","Data Analyst","Data Analysis",90320,USA,Remote,USA,"Medium Enterprise"
334,2022,Senior,"full time","Data Engineer","Data Engineering",165400,USA,Remote,USA,"Medium Enterprise"
335,2022,Senior,"full time","Data Engineer","Data Engineering",132320,USA,Remote,USA,"Medium Enterprise"
336,2022,mid-level,"full time","Data Analyst","Data Analysis",167000,USA,Remote,USA,"Medium Enterprise"
337,2022,Senior,"full time","Data Engineer","Data Engineering",243900,USA,Remote,USA,"Medium Enterprise"
338,2022,Senior,"full time","Data Analyst","Data Analysis",136600,USA,Remote,USA,"Medium Enterprise"
339,2022,Senior,"full time","Data Analyst","Data Analysis",109280,USA,Remote,USA,"Medium Enterprise"
340,2022,Senior,"full time","Data Engineer","Data Engineering",128875,USA,Remote,USA,"Medium Enterprise"
341,2022,Senior,"full time","Data Engineer","Data Engineering",93700,USA,Remote,USA,"Medium Enterprise"
342,2022,Senior,"full time","Head of Data Science","Data Science",224000,USA,Remote,USA,"Medium Enterprise"
343,2022,Senior,"full time","Head of Data Science","Data Science",167875,USA,Remote,USA,"Medium Enterprise"
344,2022,Senior,"full time","Analytics Engineer","Data Analysis",175000,USA,Remote,USA,"Medium Enterprise"
345,2022,Senior,"full time","Data Engineer","Data Engineering",156600,USA,Remote,USA,"Medium Enterprise"
346,2022,Senior,"full time","Data Engineer","Data Engineering",108800,USA,"On Site",USA,"Medium Enterprise"
347,2022,Senior,"full time","Data Scientist","Data Science",95550,USA,"On Site",USA,"Medium Enterprise"
348,2022,Senior,"full time","Data Engineer","Data Engineering",113000,USA,"On Site",USA,"Large Enterprise"
349,2022,Senior,"full time","Data Analyst","Data Analysis",135000,USA,Remote,USA,"Medium Enterprise"
350,2022,Senior,"full time","Data Science Manager","Data Science",161342,USA,Remote,USA,"Medium Enterprise"
351,2022,Senior,"full time","Data Science Manager","Data Science",137141,USA,Remote,USA,"Medium Enterprise"
352,2022,Senior,"full time","Data Scientist","Data Science",167000,USA,Remote,USA,"Medium Enterprise"
353,2022,Senior,"full time","Data Scientist","Data Science",123000,USA,Remote,USA,"Medium Enterprise"
354,2022,Senior,"full time","Data Engineer","Data Engineering",78526,"United Kingdom","On Site","United Kingdom","Medium Enterprise"
355,2022,Senior,"full time","Data Engineer","Data Engineering",65438,"United Kingdom","On Site","United Kingdom","Medium Enterprise"
356,2022,Senior,"full time","Data Scientist","Data Science",150000,USA,"On Site",USA,"Medium Enterprise"
357,2022,Senior,"full time","Data Scientist","Data Science",211500,USA,Remote,USA,"Medium Enterprise"
358,2022,Senior,"full time","Data Architect","Data Architecture",192400,Canada,Remote,Canada,"Medium Enterprise"
359,2022,Senior,"full time","Data Architect","Data Architecture",90700,Canada,Remote,Canada,"Medium Enterprise"
360,2022,Senior,"full time","Data Analyst","Data Analysis",130000,Canada,Remote,Canada,"Medium Enterprise"
361,2022,Senior,"full time","Data Analyst","Data Analysis",61300,Canada,Remote,Canada,"Medium Enterprise"
362,2022,Senior,"full time","Data Analyst","Data Analysis",130000,Canada,Remote,Canada,"Medium Enterprise"
363,2022,Senior,"full time","Data Analyst","Data Analysis",61300,Canada,Remote,Canada,"Medium Enterprise"
364,2022,Senior,"full time","Data Engineer","Data Engineering",160000,USA,"On Site",USA,"Large Enterprise"
365,2022,Senior,"full time","Data Scientist","Data Science",138600,USA,Remote,USA,"Medium Enterprise"
366,2022,Senior,"full time","Data Engineer","Data Engineering",136000,USA,"On Site",USA,"Medium Enterprise"
367,2022,mid-level,"full time","Data Analyst","Data Analysis",58000,USA,"On Site",USA,"Small Enterprise"
368,2022,Senior,"full time","Analytics Engineer","Data Analysis",135000,USA,Remote,USA,"Medium Enterprise"
369,2022,Senior,"full time","Data Scientist","Data Science",170000,USA,Remote,USA,"Medium Enterprise"
370,2022,Senior,"full time","Data Scientist","Data Science",123000,USA,Remote,USA,"Medium Enterprise"
371,2022,Senior,"full time","Machine Learning Engineer","Artificial Intelligence",189650,USA,"On Site",USA,"Medium Enterprise"
372,2022,Senior,"full time","Machine Learning Engineer","Artificial Intelligence",164996,USA,"On Site",USA,"Medium Enterprise"
373,2022,mid-level,"full time","ETL Developer","Data Engineering",54957,Greece,"On Site",Greece,"Medium Enterprise"
374,2022,mid-level,"full time","ETL Developer","Data Engineering",54957,Greece,"On Site",Greece,"Medium Enterprise"
375,2022,Senior,"full time","Lead Data Engineer","Data Engineering",118187,Canada,Remote,Canada,"Small Enterprise"
376,2022,Senior,"full time","Data Analyst","Data Analysis",132000,USA,"On Site",USA,"Medium Enterprise"
377,2022,Senior,"full time","Data Engineer","Data Engineering",165400,USA,Remote,USA,"Medium Enterprise"
378,2022,Senior,"full time","Data Architect","Data Architecture",208775,USA,Remote,USA,"Medium Enterprise"
379,2022,Senior,"full time","Data Architect","Data Architecture",147800,USA,Remote,USA,"Medium Enterprise"
380,2022,Senior,"full time","Data Engineer","Data Engineering",136994,USA,Remote,USA,"Medium Enterprise"
381,2022,Senior,"full time","Data Engineer","Data Engineering",101570,USA,Remote,USA,"Medium Enterprise"
382,2022,Senior,"full time","Data Analyst","Data Analysis",128875,USA,Remote,USA,"Medium Enterprise"
383,2022,Senior,"full time","Data Analyst","Data Analysis",93700,USA,Remote,USA,"Medium Enterprise"
384,2022,Senior,"full time","Head of Machine Learning","Artificial Intelligence",79039,India,Hybrid,India,"Large Enterprise"
385,2022,Senior,"full time","Data Engineer","Data Engineering",132320,USA,Remote,USA,"Medium Enterprise"
386,2022,Junior,"full time","Machine Learning Engineer","Artificial Intelligence",37300,"United Kingdom",Remote,"United Kingdom","Large Enterprise"
387,2022,Senior,"full time","Data Analyst","Data Analysis",164000,USA,"On Site",USA,"Medium Enterprise"
388,2022,Senior,"full time","Data Engineer","Data Engineering",155000,USA,Remote,USA,"Medium Enterprise"
389,2022,mid-level,"full time","Machine Learning Engineer","Artificial Intelligence",124333,"United Kingdom","On Site","United Kingdom","Medium Enterprise"
390,2022,mid-level,"full time","Machine Learning Engineer","Artificial Intelligence",98158,"United Kingdom","On Site","United Kingdom","Medium Enterprise"
391,2022,mid-level,"full time","AI Scientist","Data Science",120000,USA,"On Site",USA,"Medium Enterprise"
392,2022,Senior,"full time","Data Analyst","Data Analysis",112900,USA,Remote,USA,"Medium Enterprise"
393,2022,Senior,"full time","Data Analyst","Data Analysis",90320,USA,Remote,USA,"Medium Enterprise"
394,2022,Senior,"full time","Data Analytics Manager","Data Analysis",145000,USA,Remote,USA,"Medium Enterprise"
395,2022,Senior,"full time","Data Analytics Manager","Data Analysis",105400,USA,Remote,USA,"Medium Enterprise"
396,2022,mid-level,"full time","Machine Learning Engineer","Artificial Intelligence",87932,France,Remote,Germany,"Medium Enterprise"
397,2022,mid-level,"full time","Data Engineer","Data Engineering",117789,"United Kingdom","On Site","United Kingdom","Medium Enterprise"
398,2022,Senior,"full time","Data Scientist","Data Science",215300,USA,Remote,USA,"Large Enterprise"
399,2022,Senior,"full time","Data Scientist","Data Science",158200,USA,Remote,USA,"Large Enterprise"
400,2022,Senior,"full time","Data Engineer","Data Engineering",209100,USA,Remote,USA,"Large Enterprise"
401,2022,Senior,"full time","Data Engineer","Data Engineering",154600,USA,Remote,USA,"Large Enterprise"
402,2022,Senior,"full time","Data Analyst","Data Analysis",115934,USA,"On Site",USA,"Medium Enterprise"
403,2022,Senior,"full time","Data Analyst","Data Analysis",81666,USA,"On Site",USA,"Medium Enterprise"
404,2022,Senior,"full time","Data Engineer","Data Engineering",175000,USA,Remote,USA,"Medium Enterprise"
405,2022,mid-level,"full time","Data Engineer","Data Engineering",98158,"United Kingdom","On Site","United Kingdom","Medium Enterprise"
406,2022,mid-level,"full time","Data Analyst","Data Analysis",58000,USA,"On Site",USA,"Small Enterprise"
407,2022,Senior,"full time","Data Engineer","Data Engineering",183600,USA,Remote,USA,"Large Enterprise"
408,2022,mid-level,"full time","Data Analyst","Data Analysis",52351,"United Kingdom",Remote,"United Kingdom","Medium Enterprise"
409,2022,Senior,"full time","Data Scientist","Data Science",180000,USA,Remote,USA,"Medium Enterprise"
410,2022,mid-level,"full time","Data Scientist","Data Science",71982,"United Kingdom","On Site","United Kingdom","Medium Enterprise"
411,2022,mid-level,"full time","Data Scientist","Data Science",45807,"United Kingdom","On Site","United Kingdom","Medium Enterprise"
412,2022,mid-level,"full time","Data Engineer","Data Engineering",65949,Greece,Remote,Greece,"Medium Enterprise"
413,2022,mid-level,"full time","Data Engineer","Data Engineering",49461,Greece,Remote,Greece,"Medium Enterprise"
414,2022,mid-level,"full time","Data Engineer","Data Engineering",78526,"United Kingdom",Remote,"United Kingdom","Medium Enterprise"
415,2022,mid-level,"full time","Data Engineer","Data Engineering",58894,"United Kingdom",Remote,"United Kingdom","Medium Enterprise"
416,2022,Senior,"full time","Data Scientist","Data Science",260000,USA,Remote,USA,"Medium Enterprise"
417,2022,Senior,"full time","Data Science Engineer","Data Science",60000,Argentina,Remote,Mexico,"Large Enterprise"
418,2022,mid-level,"full time","Data Engineer","Data Engineering",63900,USA,"On Site",USA,"Medium Enterprise"
419,2022,mid-level,"full time","Machine Learning Scientist","Data Science",160000,USA,Remote,USA,"Large Enterprise"
420,2022,mid-level,"full time","Machine Learning Scientist","Data Science",112300,USA,Remote,USA,"Large Enterprise"
421,2022,mid-level,"full time","Data Science Manager","Data Science",241000,USA,Remote,USA,"Medium Enterprise"
422,2022,mid-level,"full time","Data Science Manager","Data Science",159000,USA,Remote,USA,"Medium Enterprise"
423,2022,Senior,"full time","Data Scientist","Data Science",180000,USA,"On Site",USA,"Medium Enterprise"
424,2022,Senior,"full time","Data Scientist","Data Science",80000,USA,"On Site",USA,"Medium Enterprise"
425,2022,mid-level,"full time","Data Engineer","Data Engineering",82900,USA,"On Site",USA,"Medium Enterprise"
426,2022,Senior,"full time","Data Engineer","Data Engineering",100800,USA,Remote,USA,"Large Enterprise"
427,2022,mid-level,"full time","Data Engineer","Data Engineering",49461,Spain,Remote,Spain,"Medium Enterprise"
428,2022,Senior,"full time","Data Scientist","Data Science",140400,USA,"On Site",USA,"Large Enterprise"
429,2022,mid-level,"full time","Data Analyst","Data Analysis",39263,"United Kingdom",Remote,"United Kingdom","Medium Enterprise"
430,2022,mid-level,"full time","Data Analyst","Data Analysis",43966,Spain,Remote,Spain,"Medium Enterprise"
431,2022,mid-level,"full time","Data Analyst","Data Analysis",32974,Spain,Remote,Spain,"Medium Enterprise"
432,2022,mid-level,"full time","Data Engineer","Data Engineering",87932,Spain,Remote,Spain,"Medium Enterprise"
433,2022,mid-level,"full time","Data Engineer","Data Engineering",76940,Spain,Remote,Spain,"Medium Enterprise"
434,2022,mid-level,"full time","Data Engineer","Data Engineering",104702,"United Kingdom",Remote,"United Kingdom","Medium Enterprise"
435,2022,mid-level,"full time","Data Engineer","Data Engineering",91614,"United Kingdom",Remote,"United Kingdom","Medium Enterprise"
436,2022,mid-level,"full time","Data Engineer","Data Engineering",65949,Spain,Remote,Spain,"Medium Enterprise"
437,2022,mid-level,"full time","Data Engineer","Data Engineering",87932,Greece,Remote,Greece,"Medium Enterprise"
438,2022,Senior,"full time","Machine Learning Engineer","Artificial Intelligence",189650,USA,"On Site",USA,"Medium Enterprise"
439,2022,Senior,"full time","Machine Learning Engineer","Artificial Intelligence",164996,USA,"On Site",USA,"Medium Enterprise"
440,2022,mid-level,"full time","Data Analyst","Data Analysis",43966,Greece,Remote,Greece,"Medium Enterprise"
441,2022,mid-level,"full time","Data Analyst","Data Analysis",32974,Greece,Remote,Greece,"Medium Enterprise"
442,2022,mid-level,"full time","Data Engineer","Data Engineering",98158,"United Kingdom",Remote,"United Kingdom","Medium Enterprise"
443,2022,mid-level,"full time","Data Engineer","Data Engineering",78526,"United Kingdom",Remote,"United Kingdom","Medium Enterprise"
444,2022,Senior,"full time","Data Scientist","Data Science",215300,USA,"On Site",USA,"Large Enterprise"
445,2022,mid-level,"full time","Data Engineer","Data Engineering",76940,Greece,Remote,Greece,"Medium Enterprise"
446,2022,Senior,"full time","Data Engineer","Data Engineering",209100,USA,Remote,USA,"Large Enterprise"
447,2022,Senior,"full time","Data Engineer","Data Engineering",154600,USA,Remote,USA,"Large Enterprise"
448,2022,Senior,"full time","Data Engineer","Data Engineering",180000,USA,Remote,USA,"Medium Enterprise"
449,2022,Junior,"full time","Machine Learning Engineer","Artificial Intelligence",21983,Portugal,Remote,Portugal,"Large Enterprise"
450,2022,Senior,"full time","Data Engineer","Data Engineering",80000,USA,Remote,USA,"Medium Enterprise"
451,2022,mid-level,"full time","Machine Learning Developer","Artificial Intelligence",78791,Canada,Remote,Canada,"Medium Enterprise"
452,2022,Senior,"full time","Director of Data Science","Data Science",196979,Canada,Hybrid,Canada,"Large Enterprise"
453,2022,mid-level,"full time","Machine Learning Engineer","Artificial Intelligence",120000,USA,Remote,USA,"Small Enterprise"
454,2022,Junior,"full time","Computer Vision Engineer","Data Engineering",125000,USA,"On Site",USA,"Medium Enterprise"
455,2022,mid-level,"full time","NLP Engineer","Artificial Intelligence",37236,USA,Hybrid,USA,"Large Enterprise"
456,2022,Senior,"full time","Data Engineer","Data Engineering",105000,USA,Remote,USA,"Medium Enterprise"
457,2022,Senior,"full time","Lead Machine Learning Engineer","Artificial Intelligence",87932,Germany,"On Site",Germany,"Medium Enterprise"
458,2022,mid-level,"full time","Business Data Analyst","Data Analysis",18442,India,Remote,India,"Medium Enterprise"
459,2022,mid-level,"full time","Data Scientist","Data Science",31615,India,Remote,India,"Large Enterprise"
460,2022,mid-level,"full time","Machine Learning Infrastructure Engineer","Artificial Intelligence",58255,Portugal,Hybrid,Portugal,"Large Enterprise"
461,2022,Junior,"full time","Financial Data Analyst","Data Analysis",100000,USA,Hybrid,USA,"Large Enterprise"
462,2022,mid-level,"part time","Data Engineer","Data Engineering",54957,Germany,Hybrid,Germany,"Large Enterprise"
463,2022,Junior,"full time","Data Scientist","Data Science",18442,India,Remote,India,"Medium Enterprise"
464,2022,Senior,"full time","Principal Data Scientist","Data Science",162674,Germany,Remote,Germany,"Medium Enterprise"
465,2022,Junior,"full time","Data Engineer","Data Engineering",120000,USA,Remote,USA,"Medium Enterprise"
466,2022,Senior,"full time","Research Scientist","Data Science",144000,USA,Hybrid,USA,"Large Enterprise"
467,2022,Senior,"full time","Data Scientist","Data Science",104890,USA,Remote,USA,"Medium Enterprise"
468,2022,Senior,"full time","Data Engineer","Data Engineering",100000,USA,Remote,USA,"Medium Enterprise"
469,2022,Senior,"full time","Data Scientist","Data Science",140000,USA,Remote,USA,"Medium Enterprise"
470,2022,mid-level,"full time","Data Analyst","Data Analysis",135000,USA,Remote,USA,"Medium Enterprise"
471,2022,mid-level,"full time","Data Analyst","Data Analysis",50000,USA,Remote,USA,"Medium Enterprise"
472,2022,Senior,"full time","Data Scientist","Data Science",220000,USA,Remote,USA,"Medium Enterprise"
473,2022,Senior,"full time","Data Scientist","Data Science",140000,USA,Remote,USA,"Medium Enterprise"
474,2022,mid-level,"full time","Data Scientist","Data Science",183228,"United Kingdom","On Site","United Kingdom","Medium Enterprise"
475,2022,mid-level,"full time","Data Scientist","Data Science",91614,"United Kingdom","On Site","United Kingdom","Medium Enterprise"
476,2022,Senior,"full time","Data Scientist","Data Science",185100,USA,Remote,USA,"Medium Enterprise"
477,2022,Senior,"full time","Machine Learning Engineer","Artificial Intelligence",220000,USA,Remote,USA,"Medium Enterprise"
478,2022,mid-level,"full time","Data Scientist","Data Science",200000,USA,Remote,USA,"Medium Enterprise"
479,2022,mid-level,"full time","Data Scientist","Data Science",120000,USA,Remote,USA,"Medium Enterprise"
480,2022,Senior,"full time","Machine Learning Engineer","Artificial Intelligence",120000,UAE,Remote,UAE,"Small Enterprise"
481,2022,Senior,"full time","Machine Learning Engineer","Artificial Intelligence",65000,UAE,Remote,UAE,"Small Enterprise"
482,2022,Senior,"full time","Data Engineer","Data Engineering",324000,USA,Remote,USA,"Medium Enterprise"
483,2022,Senior,"full time","Data Engineer","Data Engineering",216000,USA,Remote,USA,"Medium Enterprise"
484,2022,Senior,"full time","Data Engineer","Data Engineering",210000,USA,Remote,USA,"Medium Enterprise"
485,2022,Senior,"full time","Machine Learning Engineer","Artificial Intelligence",120000,USA,Remote,USA,"Medium Enterprise"
486,2022,Senior,"full time","Data Scientist","Data Science",230000,USA,Remote,USA,"Medium Enterprise"
487,2022,Junior,"part time","Data Scientist","Data Science",100000,Algeria,Hybrid,Algeria,"Medium Enterprise"
488,2022,mid-level,"full time","Data Scientist","Data Science",100000,Canada,Remote,USA,"Medium Enterprise"
489,2022,Junior,contract,"Applied Machine Learning Scientist","Data Science",31875,Tunisia,Remote,"Czech Republic","Medium Enterprise"
490,2022,Senior,"full time","Head of Data","Data Engineering",200000,Malaysia,Remote,USA,"Medium Enterprise"
491,2022,mid-level,"full time","Principal Data Analyst","Data Analysis",75000,Canada,Remote,Canada,"Small Enterprise"
492,2022,mid-level,"full time","Data Scientist","Data Science",35590,Poland,Remote,Poland,"Large Enterprise"
493,2022,Senior,"full time","Machine Learning Developer","Artificial Intelligence",78791,Canada,Remote,Canada,"Medium Enterprise"
494,2022,Senior,"full time","Data Scientist","Data Science",100000,Brazil,Remote,USA,"Medium Enterprise"
495,2022,mid-level,"full time","Machine Learning Scientist","Data Science",153000,USA,Hybrid,USA,"Medium Enterprise"
496,2022,Junior,"full time","Data Engineer","Data Engineering",58035,Pakistan,Remote,Germany,"Medium Enterprise"
497,2022,Senior,"full time","Data Scientist","Data Science",165000,USA,Remote,USA,"Medium Enterprise"
498,2022,Senior,"full time","Research Scientist","Data Science",93427,France,Hybrid,France,"Large Enterprise"
499,2022,Junior,"full time","Data Scientist","Data Science",52396,Canada,Remote,Canada,"Large Enterprise"
500,2022,Senior,"full time","Machine Learning Engineer","Artificial Intelligence",62651,Netherlands,Remote,Netherlands,"Large Enterprise"
501,2022,mid-level,"full time","Head of Data","Data Engineering",32974,Estonia,Remote,Estonia,"Small Enterprise"
502,2022,Junior,"full time","Data Scientist","Data Science",40000,Japan,Remote,Malaysia,"Large Enterprise"
503,2022,mid-level,"full time","Machine Learning Engineer","Artificial Intelligence",87425,Australia,Remote,Australia,"Large Enterprise"
504,2022,Senior,"full time","Data Engineer","Data Engineering",115000,USA,Remote,USA,"Medium Enterprise"
505,2022,Junior,"full time","Data Scientist","Data Science",86703,Australia,Hybrid,Australia,"Medium Enterprise"
506,2022,mid-level,"full time","Applied Machine Learning Scientist","Data Science",75000,Bolivia,Remote,USA,"Large Enterprise"
507,2022,mid-level,"full time","Research Scientist","Data Science",64849,Austria,"On Site",Austria,"Large Enterprise"
508,2022,Junior,"full time","Research Scientist","Data Science",120000,USA,Remote,USA,"Large Enterprise"
509,2022,mid-level,"full time","Applied Data Scientist","Data Science",157000,USA,Remote,USA,"Large Enterprise"
510,2022,Junior,"full time","Computer Vision Software Engineer","Data Engineering",150000,Australia,Remote,Australia,"Small Enterprise"
511,2022,mid-level,"full time","Business Data Analyst","Data Analysis",70912,Canada,Hybrid,Canada,"Large Enterprise"
512,2022,Junior,"full time","Data Engineer","Data Engineering",65000,USA,Remote,USA,"Small Enterprise"
513,2022,Senior,"full time","Machine Learning Engineer","Artificial Intelligence",71444,Ireland,Remote,Ireland,"Small Enterprise"
514,2022,Junior,"full time","Data Analytics Engineer","Data Analysis",20000,Pakistan,"On Site",Pakistan,"Medium Enterprise"
515,2022,mid-level,"full time","Data Scientist","Data Science",48000,Russia,Remote,USA,"Small Enterprise"
516,2022,Senior,"full time","Data Science Manager","Data Science",152500,USA,Remote,USA,"Medium Enterprise"
517,2022,mid-level,"full time","Data Engineer","Data Engineering",68147,France,Remote,France,"Medium Enterprise"
518,2022,mid-level,"full time","Data Scientist","Data Science",122346,Switzerland,"On Site",Switzerland,"Large Enterprise"
519,2022,Senior,"full time","Applied Data Scientist","Data Science",380000,USA,Remote,USA,"Large Enterprise"
520,2022,mid-level,"full time","Data Scientist","Data Science",69336,Canada,Remote,Canada,"Medium Enterprise"
521,2022,Junior,"full time","Computer Vision Engineer","Data Engineering",10000,Portugal,Remote,Luxembourg,"Medium Enterprise"
522,2022,mid-level,"full time","Data Analyst","Data Analysis",20000,Greece,Remote,Greece,"Small Enterprise"
523,2022,Senior,"full time","Data Analytics Lead","Data Analysis",405000,USA,Remote,USA,"Large Enterprise"
524,2022,mid-level,"full time","Data Scientist","Data Science",135000,USA,Remote,USA,"Large Enterprise"
525,2022,Senior,"full time","Applied Data Scientist","Data Science",177000,USA,Remote,USA,"Large Enterprise"
526,2022,mid-level,"full time","Data Scientist","Data Science",78000,USA,Remote,USA,"Medium Enterprise"
527,2022,Senior,"full time","Data Analyst","Data Analysis",135000,USA,Remote,USA,"Medium Enterprise"
528,2022,Senior,"full time","Data Analyst","Data Analysis",100000,USA,Remote,USA,"Medium Enterprise"
529,2022,Senior,"full time","Data Analyst","Data Analysis",90320,USA,Remote,USA,"Medium Enterprise"
530,2022,mid-level,"full time","Data Analyst","Data Analysis",85000,Canada,"On Site",Canada,"Medium Enterprise"
531,2022,mid-level,"full time","Data Analyst","Data Analysis",75000,Canada,"On Site",Canada,"Medium Enterprise"
532,2022,Senior,"full time","Machine Learning Engineer","Artificial Intelligence",214000,USA,Remote,USA,"Medium Enterprise"
533,2022,Senior,"full time","Machine Learning Engineer","Artificial Intelligence",192600,USA,Remote,USA,"Medium Enterprise"
534,2022,Senior,"full time","Data Architect","Data Architecture",266400,USA,Remote,USA,"Medium Enterprise"
535,2022,Senior,"full time","Data Architect","Data Architecture",213120,USA,Remote,USA,"Medium Enterprise"
536,2022,Senior,"full time","Data Analyst","Data Analysis",112900,USA,Remote,USA,"Medium Enterprise"
537,2022,Senior,"full time","Data Engineer","Data Engineering",155000,USA,Remote,USA,"Medium Enterprise"
538,2022,mid-level,"full time","Data Scientist","Data Science",141300,USA,"On Site",USA,"Medium Enterprise"
539,2022,mid-level,"full time","Data Scientist","Data Science",102100,USA,"On Site",USA,"Medium Enterprise"
540,2022,Senior,"full time","Data Analyst","Data Analysis",115934,USA,Remote,USA,"Medium Enterprise"
541,2022,Senior,"full time","Data Analyst","Data Analysis",81666,USA,Remote,USA,"Medium Enterprise"
542,2022,mid-level,"full time","Data Engineer","Data Engineering",206699,USA,"On Site",USA,"Medium Enterprise"
543,2022,mid-level,"full time","Data Engineer","Data Engineering",99100,USA,"On Site",USA,"Medium Enterprise"
544,2022,Senior,"full time","Data Engineer","Data Engineering",130000,USA,Remote,USA,"Medium Enterprise"
545,2022,Senior,"full time","Data Engineer","Data Engineering",115000,USA,Remote,USA,"Medium Enterprise"
546,2022,Senior,"full time","Data Engineer","Data Engineering",110500,USA,Remote,USA,"Medium Enterprise"
547,2022,Senior,"full time","Data Engineer","Data Engineering",130000,USA,Remote,USA,"Medium Enterprise"
548,2022,Senior,"full time","Data Analyst","Data Analysis",99050,USA,Remote,USA,"Medium Enterprise"
549,2022,Senior,"full time","Data Engineer","Data Engineering",160000,USA,Remote,USA,"Medium Enterprise"
550,2022,Senior,"full time","Data Scientist","Data Science",205300,USA,"On Site",USA,"Large Enterprise"
551,2022,Senior,"full time","Data Scientist","Data Science",140400,USA,"On Site",USA,"Large Enterprise"
552,2022,Senior,"full time","Data Scientist","Data Science",176000,USA,Remote,USA,"Medium Enterprise"
553,2022,Senior,"full time","Data Scientist","Data Science",144000,USA,Remote,USA,"Medium Enterprise"
554,2022,Senior,"full time","Data Engineer","Data Engineering",200100,USA,Remote,USA,"Medium Enterprise"
555,2022,Senior,"full time","Data Engineer","Data Engineering",160000,USA,Remote,USA,"Medium Enterprise"
556,2022,Senior,"full time","Data Engineer","Data Engineering",145000,USA,Remote,USA,"Medium Enterprise"
557,2022,Senior,"full time","Data Engineer","Data Engineering",70500,USA,"On Site",USA,"Medium Enterprise"
558,2022,Senior,"full time","Data Scientist","Data Science",205300,USA,"On Site",USA,"Medium Enterprise"
559,2022,Senior,"full time","Data Scientist","Data Science",140400,USA,"On Site",USA,"Medium Enterprise"
560,2022,Senior,"full time","Analytics Engineer","Data Analysis",205300,USA,"On Site",USA,"Medium Enterprise"
561,2022,Senior,"full time","Analytics Engineer","Data Analysis",184700,USA,"On Site",USA,"Medium Enterprise"
562,2022,Senior,"full time","Data Engineer","Data Engineering",175100,USA,Remote,USA,"Medium Enterprise"
563,2022,Senior,"full time","Data Engineer","Data Engineering",140250,USA,Remote,USA,"Medium Enterprise"
564,2022,Senior,"full time","Data Analyst","Data Analysis",116150,USA,Remote,USA,"Medium Enterprise"
565,2022,Senior,"full time","Data Engineer","Data Engineering",54000,USA,"On Site",USA,"Medium Enterprise"
566,2022,Senior,"full time","Data Analyst","Data Analysis",170000,USA,Remote,USA,"Medium Enterprise"
567,2022,mid-level,"full time","Data Analyst","Data Analysis",65438,"United Kingdom","On Site","United Kingdom","Medium Enterprise"
568,2022,Senior,"full time","Data Analyst","Data Analysis",80000,USA,Remote,USA,"Medium Enterprise"
569,2022,Senior,"full time","Data Scientist","Data Science",140000,USA,Remote,USA,"Medium Enterprise"
570,2022,Senior,"full time","Data Scientist","Data Science",210000,USA,Remote,USA,"Medium Enterprise"
571,2022,Senior,"full time","Data Scientist","Data Science",140000,USA,Remote,USA,"Medium Enterprise"
572,2022,Senior,"full time","Data Analyst","Data Analysis",100000,USA,Remote,USA,"Medium Enterprise"
573,2022,Senior,"full time","Data Analyst","Data Analysis",69000,USA,Remote,USA,"Medium Enterprise"
574,2022,Senior,"full time","Data Scientist","Data Science",210000,USA,Remote,USA,"Medium Enterprise"
575,2022,Senior,"full time","Data Scientist","Data Science",140000,USA,Remote,USA,"Medium Enterprise"
576,2022,Senior,"full time","Data Scientist","Data Science",210000,USA,Remote,USA,"Medium Enterprise"
577,2022,Senior,"full time","Data Analyst","Data Analysis",150075,USA,Remote,USA,"Medium Enterprise"
578,2022,Senior,"full time","Data Engineer","Data Engineering",100000,USA,Remote,USA,"Medium Enterprise"
579,2022,Senior,"full time","Data Engineer","Data Engineering",25000,USA,Remote,USA,"Medium Enterprise"
580,2022,Senior,"full time","Data Analyst","Data Analysis",126500,USA,Remote,USA,"Medium Enterprise"
581,2022,Senior,"full time","Data Analyst","Data Analysis",106260,USA,Remote,USA,"Medium Enterprise"
582,2022,Senior,"full time","Data Engineer","Data Engineering",220110,USA,Remote,USA,"Medium Enterprise"
583,2022,Senior,"full time","Data Engineer","Data Engineering",160080,USA,Remote,USA,"Medium Enterprise"
584,2022,Senior,"full time","Data Analyst","Data Analysis",105000,USA,Remote,USA,"Medium Enterprise"
585,2022,Senior,"full time","Data Analyst","Data Analysis",110925,USA,Remote,USA,"Medium Enterprise"
586,2022,mid-level,"full time","Data Analyst","Data Analysis",45807,"United Kingdom","On Site","United Kingdom","Medium Enterprise"
587,2022,Senior,"full time","Data Scientist","Data Science",140000,USA,Remote,USA,"Medium Enterprise"
588,2022,Senior,"full time","Data Analyst","Data Analysis",99000,USA,"On Site",USA,"Medium Enterprise"
589,2022,Senior,"full time","Data Analyst","Data Analysis",60000,USA,Remote,USA,"Medium Enterprise"
590,2022,Senior,"full time","Data Architect","Data Architecture",192564,USA,Remote,USA,"Medium Enterprise"
591,2022,Senior,"full time","Data Architect","Data Architecture",144854,USA,Remote,USA,"Medium Enterprise"
592,2022,Senior,"full time","Data Scientist","Data Science",230000,USA,Remote,USA,"Medium Enterprise"
593,2022,Senior,"full time","Data Scientist","Data Science",150000,USA,Remote,USA,"Medium Enterprise"
594,2022,Senior,"full time","Data Analytics Manager","Data Analysis",150260,USA,Remote,USA,"Medium Enterprise"
595,2022,Senior,"full time","Data Analytics Manager","Data Analysis",109280,USA,Remote,USA,"Medium Enterprise"
596,2022,Senior,"full time","Data Scientist","Data Science",210000,USA,Remote,USA,"Medium Enterprise"
597,2022,Senior,"full time","Data Analyst","Data Analysis",170000,USA,Remote,USA,"Medium Enterprise"
598,2022,mid-level,"full time","Data Scientist","Data Science",160000,USA,Remote,USA,"Medium Enterprise"
599,2022,mid-level,"full time","Data Scientist","Data Science",130000,USA,Remote,USA,"Medium Enterprise"
600,2022,Junior,"full time","Data Analyst","Data Analysis",67000,Canada,"On Site",Canada,"Medium Enterprise"
601,2022,Junior,"full time","Data Analyst","Data Analysis",52000,Canada,"On Site",Canada,"Medium Enterprise"
602,2022,Senior,"full time","Data Engineer","Data Engineering",154000,USA,Remote,USA,"Medium Enterprise"
603,2022,Senior,"full time","Data Engineer","Data Engineering",126000,USA,Remote,USA,"Medium Enterprise"
604,2022,Senior,"full time","Data Analyst","Data Analysis",129000,USA,"On Site",USA,"Medium Enterprise"
605,2022,Senior,"full time","Data Analyst","Data Analysis",150000,USA,Remote,USA,"Medium Enterprise"
606,2022,mid-level,"full time","AI Scientist","Data Science",200000,India,Remote,USA,"Large Enterprise"
